id,name,slug,region,lat,lng,tideStationId,tideId,tideDistNm,nearestTide,nearestTideNm,currentStationId,curDistNm,resolution,flag
00cfbbf4-636e-4e4d-ad59-e61bcbc9024a,Tom's Shoal: Blind Cast Long Drift,nantucket-sound-tom-s-shoal-blind-cast-long-drift,,41.3679,-70.4411,Boston HW/LW (8443970),8443970,65.2,PENIKESE ISLAND (8448248),22.2,,,SERVABLE-EXPLICIT,FAR+SUBOPTIMAL
02b18753-6fc0-4a81-b6e0-e4156295ceed,Billingsgate Shoal: Tube and Worm,cape-cod-bay-billingsgate-shoal-tube-and-worm,,41.8483,-70.134,Barnstable HW/LW (8447335),8447335,10.2,"Barnstable Harbor, Beach Point (8447335)",10.2,ACT1546,9.6,SERVABLE-EXPLICIT,
02c88f2a-4edb-49eb-b673-5ac297fb6d4c,Brewster Flats,cape-cod-bay-brewster-flats,,41.78,-70.075,Barnstable HW/LW (8447335),8447335,10.0,"Barnstable Harbor, Beach Point (8447335)",10.0,ACT1546,9.4,SERVABLE-EXPLICIT,
050b4bef-f056-48ec-a438-7f00b1fe6d97,Cleveland Ledge: Controlled Drifts Over the Rockpiles,buzzards-bay-cleveland-ledge-controlled-drifts-over-the-rockpiles,,41.6338,-70.7053,Boston HW/LW (8443970),8443970,45.9,Buzzards Bay (8447270),7.6,COD0907,0.4,SERVABLE-EXPLICIT,FAR+SUBOPTIMAL
0777896c-2b63-4804-b9a2-9dc477a31b3b,Bearses Shoal: Contour Tubes,monomoy-shoals-bearses-shoal-contour-tubes,Monomoy,41.5705,-69.9291,Boston HW/LW (8443970),8443970,68.7,"Barnstable Harbor, Beach Point (8447335)",18.4,ACT1626,4.3,SERVABLE-EXPLICIT,FAR+SUBOPTIMAL
0794b76b-ba66-4337-9801-bf6be5482eef,Scorton Ledge: Tube and Worm,cape-cod-bay-scorton-ledge-tube-and-worm,,41.7633,-70.4417,Barnstable HW/LW (8447335),8447335,7.5,"Barnstable Harbor, Beach Point (8447335)",7.5,ACT1546,7.9,SERVABLE-EXPLICIT,
0ab8d4c9-a87f-4cc7-96a3-c2caa7c1200e,The Hooter: Search And Drop Jigging,nantucket-sound-the-hooter-search-and-drop-jigging,,41.2541,-70.4567,Boston HW/LW (8443970),8443970,71.2,PENIKESE ISLAND (8448248),24.0,ACT1706,5.9,SERVABLE-EXPLICIT,FAR+SUBOPTIMAL
0d29c852-e312-4d4c-9c0b-fcdf10b335e1,Pollock Rip: Swing Casting,monomoy-shoals-pollock-rip-swing-casting,Monomoy,41.5398,-69.8947,Boston HW/LW (8443970),8443970,71.1,"Barnstable Harbor, Beach Point (8447335)",20.6,ACT1626,5.7,SERVABLE-EXPLICIT,FAR+SUBOPTIMAL
0e9d1000-04cf-474c-9cfa-856ddee1d0f6,Noman's Land: South Boulder Casting,vineyard-sound-noman-s-land-south-boulder-casting,,41.2466,-70.8105,Boston HW/LW (8443970),8443970,67.3,PENIKESE ISLAND (8448248),13.2,ACT1866,7.4,SERVABLE-EXPLICIT,FAR+SUBOPTIMAL
11495bcf-31de-4089-9dae-895ba561c1bc,Hyannis Inner Harbor (Bismore Park),hyannis-inner-harbor-boat-ramp,,,,,,,,,,,UNSERVABLE-NO-DATA,
1229e043-b758-4d83-a3ae-18d53f7d1d65,Robinson's Hole: Corner at Robinsons,elizabeth-islands-robinson-s-hole-corner-at-robinsons,Elizabeth Islands,41.4067,-70.87,Boston HW/LW (8443970),8443970,57.4,PENIKESE ISLAND (8448248),3.5,COD0913,3.8,SERVABLE-EXPLICIT,FAR+SUBOPTIMAL
13122880-b08c-490c-9c0f-379a32f028b5,Noman's Land: Deep Boulder Groundfish,vineyard-sound-noman-s-land-deep-boulder-groundfish,,41.2466,-70.8105,Boston HW/LW (8443970),8443970,67.3,PENIKESE ISLAND (8448248),13.2,ACT1866,7.4,SERVABLE-EXPLICIT,FAR+SUBOPTIMAL
14143306-98a9-4535-8495-9a4c9880b4e7,Sankaty Bluff: Chasing The Ledge Runners,nantucket-sound-sankaty-bluff-chasing-the-ledge-runners,,41.2974,-69.9591,Boston HW/LW (8443970),8443970,80.0,"Barnstable Harbor, Beach Point (8447335)",29.4,BOS1111,76.8,SERVABLE-EXPLICIT,FAR+SUBOPTIMAL
15b44521-7fc3-4373-aba7-f5ce8c200848,Lucas Shoal: Lucas Drift Jigging,vineyard-sound-lucas-shoal-lucas-drift-jigging,,41.4233,-70.7453,Boston HW/LW (8443970),8443970,57.5,PENIKESE ISLAND (8448248),8.1,ACT1836,4.5,SERVABLE-EXPLICIT,FAR+SUBOPTIMAL
16354ae3-7041-4271-879e-77f6e1166d9e,Noman's Land,vineyard-sound-noman-s-land,,41.2664,-70.8162,Boston HW/LW (8443970),8443970,66.1,PENIKESE ISLAND (8448248),12.0,ACT1866,6.2,SERVABLE-EXPLICIT,FAR+SUBOPTIMAL
1670b56d-5de3-4432-b73b-fd889afee09c,Elizabeth Islands,elizabeth-islands-elizabeth-islands,Elizabeth Islands,41.4513,-70.7762,Boston HW/LW (8443970),8443970,55.6,PENIKESE ISLAND (8448248),6.5,ACT1841,2.6,SERVABLE-EXPLICIT,FAR+SUBOPTIMAL
182661e2-98e2-471c-84b6-35c0ba0f0f22,Quick's Hole,elizabeth-islands-quick-s-hole,Elizabeth Islands,41.4341,-70.8359,Boston HW/LW (8443970),8443970,56.0,PENIKESE ISLAND (8448248),4.0,COD0914,0.8,SERVABLE-EXPLICIT,FAR+SUBOPTIMAL
19a1d671-203d-4434-8a40-021dc5f7308f,Banana Shoal: Open Water Southern Edge,elizabeth-islands-banana-shoal-open-water-southern-edge,Elizabeth Islands,41.4232,-70.8312,Penikese Island (8448248),8448248,4.4,PENIKESE ISLAND (8448248),4.4,COD0914,1.4,SERVABLE-EXPLICIT,
1b2261ba-1891-4962-b36c-2483158fd08a,Wasque: Fly Lining The Rips,nantucket-sound-wasque-fly-lining-the-rips,,41.3391,-70.4455,Boston HW/LW (8443970),8443970,66.7,PENIKESE ISLAND (8448248),22.5,BOS1111,64.2,SERVABLE-EXPLICIT,FAR+SUBOPTIMAL
1d526006-0a5e-4b02-b440-da131c723419,Prince Cove Marina,prince-cove-marina,,,,,,,,,,,UNSERVABLE-NO-DATA,
1f1c077e-d78b-47f3-94cb-9080aa3cc538,Robinson's Hole: Plugging South Rock,elizabeth-islands-robinson-s-hole-plugging-south-rock,Elizabeth Islands,41.4,-70.885,Boston HW/LW (8443970),8443970,57.7,PENIKESE ISLAND (8448248),3.4,COD0913,4.6,SERVABLE-EXPLICIT,FAR+SUBOPTIMAL
201a9bc5-fca8-4f8e-92f6-68587be1e48c,Hedge Fence: Port Hunter And Area Sea Bass,nantucket-sound-hedge-fence-port-hunter-and-area-sea-bass,,41.4967,-70.5536,Boston HW/LW (8443970),8443970,56.0,Buzzards Bay (8447270),15.0,ACT1766,3.5,SERVABLE-EXPLICIT,FAR+SUBOPTIMAL
20731252-f26b-402e-b2de-bdb7bf1f2742,Around the Point: Point Contour Tubes,monomoy-shoals-around-the-point-point-contour-tubes,Monomoy,41.632,-69.9531,Boston HW/LW (8443970),8443970,65.4,"Barnstable Harbor, Beach Point (8447335)",15.8,ACT1626,5.8,SERVABLE-EXPLICIT,FAR+SUBOPTIMAL
22145415-6ffe-44f8-868d-41d529736a16,Gay Head/Devil's Bridge: Open Water Edge Jigging,vineyard-sound-gay-head-devil-s-bridge-open-water-edge-jigging,,41.3596,-70.8391,Boston HW/LW (8443970),8443970,60.4,PENIKESE ISLAND (8448248),6.6,ACT1866,1.1,SERVABLE-EXPLICIT,FAR+SUBOPTIMAL
23353abe-8fc7-40c2-9635-c995192d955e,Tube Track: Cracking the Contour Line Code,,,,,,,,,,,,UNSERVABLE-NO-DATA,
242f6846-bee4-4ccd-aa82-601698e6e3f3,Barnstable Harbor,cape-cod-bay-barnstable-harbor,,41.713,-70.2967,Barnstable HW/LW (8447335),8447335,0.7,"Barnstable Harbor, Beach Point (8447335)",0.7,ACT1546,1.3,SERVABLE-EXPLICIT,
261e1b17-09b6-4a83-a833-c71c373002c1,Gay Head/Devil's Bridge: Open Water Corner Casting,vineyard-sound-gay-head-devil-s-bridge-open-water-corner-casting,,41.3596,-70.8391,Boston HW/LW (8443970),8443970,60.4,PENIKESE ISLAND (8448248),6.6,ACT1866,1.1,SERVABLE-EXPLICIT,FAR+SUBOPTIMAL
2672c6b9-6f36-4a19-8003-91d8bde3557d,Billingsgate Shoal: Open Water Pogy Pods,cape-cod-bay-billingsgate-shoal-open-water-pogy-pods,,41.8396,-70.1541,Barnstable HW/LW (8447335),8447335,9.2,"Barnstable Harbor, Beach Point (8447335)",9.2,ACT1546,8.6,SERVABLE-EXPLICIT,
2a9ebb8c-5719-4a5e-b5ad-1d4fd1b043ce,Halfway / L'Hommedieu,nantucket-sound-halfway-l-hommedieu,,41.5081,-70.5845,Boston HW/LW (8443970),8443970,54.9,Buzzards Bay (8447270),14.1,ACT1806,2.2,SERVABLE-EXPLICIT,FAR+SUBOPTIMAL
2ae0625f-68f9-4cfa-bc8f-223468493bdb,Squibnocket: Open Water Rollers,vineyard-sound-squibnocket-open-water-rollers,,41.2902,-70.7669,Boston HW/LW (8443970),8443970,65.1,PENIKESE ISLAND (8448248),11.9,ACT1836,11.6,SERVABLE-EXPLICIT,FAR+SUBOPTIMAL
2c674879-eba6-4ce9-b1cb-a54cdf8ef4b6,Tube Track,cape-cod-bay-tube-track,,41.78,-70.3,Barnstable HW/LW (8447335),8447335,3.6,"Barnstable Harbor, Beach Point (8447335)",3.6,ACT1546,3.4,SERVABLE-EXPLICIT,
2d71f16c-90ea-46c8-b3d8-4cb066b8a5c6,Quick's Hole: Plugging North Rock,elizabeth-islands-quick-s-hole-plugging-north-rock,Elizabeth Islands,41.435,-70.8383,Boston HW/LW (8443970),8443970,56.0,PENIKESE ISLAND (8448248),3.9,COD0914,0.6,SERVABLE-EXPLICIT,FAR+SUBOPTIMAL
34b4706e-8a01-4d94-b755-f31c04ab55c7,The Hooter: Casting The Rip Line,nantucket-sound-the-hooter-casting-the-rip-line,,41.2605,-70.4615,Boston HW/LW (8443970),8443970,70.7,PENIKESE ISLAND (8448248),23.7,ACT1706,5.6,SERVABLE-EXPLICIT,FAR+SUBOPTIMAL
386c6fe8-b0a4-4872-9af0-434d1f17f9af,Great Point: Fly Style Trolling,nantucket-sound-great-point-fly-style-trolling,,41.4124,-70.0234,Boston HW/LW (8443970),8443970,72.8,"Barnstable Harbor, Beach Point (8447335)",22.0,ACT1666,2.1,SERVABLE-EXPLICIT,FAR+SUBOPTIMAL
38f3135c-8755-42f1-91a2-f7c01fc091c4,Sankaty Bluff: Working The Bluff Swing,nantucket-sound-sankaty-bluff-working-the-bluff-swing,,41.2974,-69.9591,Boston HW/LW (8443970),8443970,80.0,"Barnstable Harbor, Beach Point (8447335)",29.4,BOS1111,76.8,SERVABLE-EXPLICIT,FAR+SUBOPTIMAL
3e77029e-04d4-4333-8a20-87ba98ea47ab,Bass River Beach,bass-river-beach,,,,,,,,,,,UNSERVABLE-NO-DATA,
4284c635-9e05-4813-8ecc-9c6c29d23272,Halfway / L'Hommedieu: Drifting The Southeast Edge,nantucket-sound-halfway-l-hommedieu-drifting-the-southeast-edge,,41.506,-70.579,Boston HW/LW (8443970),8443970,55.1,Buzzards Bay (8447270),14.3,ACT1806,1.9,SERVABLE-EXPLICIT,FAR+SUBOPTIMAL
44b19e35-b2f1-49c6-9e90-48857d906296,Eldridge Shoal: East Drift Line,nantucket-sound-eldridge-shoal-east-drift-line,,41.532,-70.4299,Boston HW/LW (8443970),8443970,56.6,"Barnstable Harbor, Beach Point (8447335)",13.1,ACT1761,0.1,SERVABLE-EXPLICIT,FAR+SUBOPTIMAL
45f4afcf-5ae3-4f9c-9741-2b121166f4a7,Noman's Land: Tube Trolling,vineyard-sound-noman-s-land-tube-trolling,,41.2466,-70.8105,Boston HW/LW (8443970),8443970,67.3,PENIKESE ISLAND (8448248),13.2,ACT1866,7.4,SERVABLE-EXPLICIT,FAR+SUBOPTIMAL
4757a19b-fc32-4cd0-9a35-1c8e2d3fb70f,Scorton Ledge: Crown Edge Casting,cape-cod-bay-scorton-ledge-crown-edge-casting,,41.7633,-70.4417,Barnstable HW/LW (8447335),8447335,7.5,"Barnstable Harbor, Beach Point (8447335)",7.5,ACT1546,7.9,SERVABLE-EXPLICIT,
491ad3c4-a543-4280-913d-19c8a4ff7d8e,Handkerchief Shoal: Fluke Drifting,monomoy-shoals-handkerchief-shoal-fluke-drifting,Monomoy,41.5266,-70.0337,Boston HW/LW (8443970),8443970,67.3,"Barnstable Harbor, Beach Point (8447335)",16.3,ACT1626,1.5,SERVABLE-EXPLICIT,FAR+SUBOPTIMAL
49d2b23f-2ba9-4ec0-b83c-be092195851a,Monument Beach Ramp,monument-beach-boat-ramp,,,,,,,,,,,UNSERVABLE-NO-DATA,
49e68a89-9d65-4fb2-a2b9-e61a23ccfdab,Bonito Bar: Working The Rip Seam,nantucket-sound-bonito-bar-working-the-rip-seam,,41.2681,-70.2207,Boston HW/LW (8443970),8443970,75.0,"Barnstable Harbor, Beach Point (8447335)",27.4,BOS1111,72.2,SERVABLE-EXPLICIT,FAR+SUBOPTIMAL
4b1ade5e-2bc6-4bee-9432-a6872e7267f3,The Race / Race Point: Pogy Imitation Open Water,cape-cod-bay-the-race-race-point-pogy-imitation-open-water,,42.0513,-70.2382,Barnstable HW/LW (8447335),8447335,19.9,"Barnstable Harbor, Beach Point (8447335)",19.9,ACT1546,19.6,SERVABLE-EXPLICIT,FAR
4c3b6823-25c2-4f3a-ae72-2cc43094a01d,Tom's Shoal: Drifting The Drops,nantucket-sound-tom-s-shoal-drifting-the-drops,,41.367,-70.4374,Boston HW/LW (8443970),8443970,65.3,"Barnstable Harbor, Beach Point (8447335)",22.4,,,SERVABLE-EXPLICIT,FAR+SUBOPTIMAL
4dc3ae4f-339d-4ec2-93a4-efa7138bd05e,Cleveland Ledge,buzzards-bay-cleveland-ledge,,41.6303,-70.7,Boston HW/LW (8443970),8443970,46.2,Buzzards Bay (8447270),7.7,COD0907,0.2,SERVABLE-EXPLICIT,FAR+SUBOPTIMAL
5095a2af-c460-46f5-9f09-cf31af335d9b,Quick's Hole: Open Water Outside Quicks,elizabeth-islands-quick-s-hole-open-water-outside-quicks,Elizabeth Islands,41.4167,-70.845,Boston HW/LW (8443970),8443970,57.0,PENIKESE ISLAND (8448248),4.0,COD0914,1.6,SERVABLE-EXPLICIT,FAR+SUBOPTIMAL
518bbc37-4888-4626-9893-1bd03994ce11,Halfway / L'Hommedieu: Casting The Rip Line,nantucket-sound-halfway-l-hommedieu-casting-the-rip-line,,41.5082,-70.5861,Boston HW/LW (8443970),8443970,54.8,Buzzards Bay (8447270),14.1,ACT1806,2.2,SERVABLE-EXPLICIT,FAR+SUBOPTIMAL
5511013a-4ac7-405e-8e6f-ec5aee7105eb,Horseshoe Shoal: Trolling The Drift Zone,nantucket-sound-horseshoe-shoal-trolling-the-drift-zone,,41.5018,-70.3992,Boston HW/LW (8443970),8443970,58.8,"Barnstable Harbor, Beach Point (8447335)",14.2,ACT1736,5.9,SERVABLE-EXPLICIT,FAR+SUBOPTIMAL
55ccd051-efea-4ff9-93ee-ab5fc6099cc2,Lucas Shoal,vineyard-sound-lucas-shoal,,41.4233,-70.7453,Boston HW/LW (8443970),8443970,57.5,PENIKESE ISLAND (8448248),8.1,ACT1836,4.5,SERVABLE-EXPLICIT,FAR+SUBOPTIMAL
5819d2a1-0a9b-4c4b-b725-962cd64710b6,Gay Head/Devil's Bridge,vineyard-sound-gay-head-devil-s-bridge,,41.3507,-70.8444,Boston HW/LW (8443970),8443970,60.9,PENIKESE ISLAND (8448248),6.9,ACT1866,1.1,SERVABLE-EXPLICIT,FAR+SUBOPTIMAL
5a924bf7-c608-4b74-944b-16b37e22933c,Taylor Point Boat Ramp,taylor-point-boat-ramp,,,,,,,,,,,UNSERVABLE-NO-DATA,
5aed97c4-1ef5-49fb-8406-6eb5290673e8,Nobska Point: Casting Primary Rip,vineyard-sound-nobska-point-casting-primary-rip,,41.5141,-70.6544,Boston HW/LW (8443970),8443970,53.4,PENIKESE ISLAND (8448248),12.6,ACT1831,0.9,SERVABLE-EXPLICIT,FAR+SUBOPTIMAL
5b687797-53f8-4b38-9edc-7bb9d7d256e0,Billingsgate Shoal,cape-cod-bay-billingsgate-shoal,,41.8474,-70.1374,Barnstable HW/LW (8447335),8447335,10.0,"Barnstable Harbor, Beach Point (8447335)",10.0,ACT1546,9.5,SERVABLE-EXPLICIT,
5d05bfb8-9992-403e-85eb-dea61e3d2a31,Sandwich Marina Town Ramp,sandwich-marina-town-ramp,,,,,,,,,,,UNSERVABLE-NO-DATA,
5f11355b-4dab-4431-ac01-b0355941aaa6,Dry Ledge: Pogy School Topwater Drifts,buzzards-bay-dry-ledge-pogy-school-topwater-drifts,,41.7042,-70.689,Boston HW/LW (8443970),8443970,42.2,Buzzards Bay (8447270),3.9,COD0906,1.2,SERVABLE-EXPLICIT,FAR+SUBOPTIMAL
5f670fed-d029-4f0e-b369-91eda6345f6b,Sesuit Harbor Ramps,sesuit-harbor-ramps,,,,,,,,,,,UNSERVABLE-NO-DATA,
600c3c39-5588-4670-b117-7307dbd1bd63,Elizabeth Islands: Twilight Patrol,elizabeth-islands-elizabeth-islands-twilight-patrol,Elizabeth Islands,41.4513,-70.7762,Boston HW/LW (8443970),8443970,55.6,PENIKESE ISLAND (8448248),6.5,ACT1841,2.6,SERVABLE-EXPLICIT,FAR+SUBOPTIMAL
62048594-2dff-4498-8a70-080b95a820a3,Succonnesset Shoal,nantucket-sound-succonnesset-shoal,,41.5405,-70.4622,Boston HW/LW (8443970),8443970,55.4,"Barnstable Harbor, Beach Point (8447335)",13.5,ACT1761,1.6,SERVABLE-EXPLICIT,FAR+SUBOPTIMAL
62c8d6a5-028b-4998-ab68-0d0e04d7af90,Great Point: Fishing The Swing,nantucket-sound-great-point-fishing-the-swing,,41.4124,-70.0234,Boston HW/LW (8443970),8443970,72.8,"Barnstable Harbor, Beach Point (8447335)",22.0,ACT1666,2.1,SERVABLE-EXPLICIT,FAR+SUBOPTIMAL
65d3c50c-63ff-4ac6-999e-6af4ac476595,Bonito Bar,nantucket-sound-bonito-bar,,41.2493,-70.1827,Boston HW/LW (8443970),8443970,76.9,"Barnstable Harbor, Beach Point (8447335)",28.7,BOS1111,73.9,SERVABLE-EXPLICIT,FAR+SUBOPTIMAL
6a9eb50b-1379-4c54-adbe-fb4a15420a33,Hedge Fence,nantucket-sound-hedge-fence,,41.4952,-70.548,Boston HW/LW (8443970),8443970,56.2,Buzzards Bay (8447270),15.1,ACT1766,3.2,SERVABLE-EXPLICIT,FAR+SUBOPTIMAL
6cbede28-3717-4aa3-b0a0-c029179deff1,Great Point,nantucket-sound-great-point,,41.3833,-70.0483,Boston HW/LW (8443970),8443970,73.5,"Barnstable Harbor, Beach Point (8447335)",22.9,ACT1666,0.9,SERVABLE-EXPLICIT,FAR+SUBOPTIMAL
6d731c48-e684-4e21-958c-b341c2e3572d,Hedge Fence: Casting The Swing,nantucket-sound-hedge-fence-casting-the-swing,,41.4952,-70.548,Boston HW/LW (8443970),8443970,56.2,Buzzards Bay (8447270),15.1,ACT1766,3.2,SERVABLE-EXPLICIT,FAR+SUBOPTIMAL
6ff1b8e1-07b5-4c14-b0c1-32d4efba95c5,Banana Shoal: Popping the Rip,elizabeth-islands-banana-shoal-popping-the-rip,Elizabeth Islands,41.4292,-70.8312,Penikese Island (8448248),8448248,4.3,PENIKESE ISLAND (8448248),4.3,COD0914,1.1,SERVABLE-EXPLICIT,
71d4b975-dd2d-4b74-beb6-9015f3efc0bf,Banana Shoal: Looping,elizabeth-islands-banana-shoal-looping,Elizabeth Islands,41.4252,-70.8222,Penikese Island (8448248),8448248,4.7,PENIKESE ISLAND (8448248),4.7,COD0914,1.6,SERVABLE-EXPLICIT,
727fe5ab-c4c6-4361-940d-f630aac360b0,Weepecket Islands,buzzards-bay-weepecket-islands,,41.5005,-70.7465,Boston HW/LW (8443970),8443970,53.0,PENIKESE ISLAND (8448248),8.4,ACT1951,0.5,SERVABLE-EXPLICIT,FAR+SUBOPTIMAL
73444bfe-315f-43bb-a2e4-0ea034fe1c1c,Nobska Point: Deep Boulder Groundfish,vineyard-sound-nobska-point-deep-boulder-groundfish,,41.5158,-70.6528,Boston HW/LW (8443970),8443970,53.4,PENIKESE ISLAND (8448248),12.7,ACT1831,0.9,SERVABLE-EXPLICIT,FAR+SUBOPTIMAL
7433c3e0-e134-4c9c-83dd-27a1d30b6eb8,The Hooter,nantucket-sound-the-hooter,,41.251,-70.4347,Boston HW/LW (8443970),8443970,71.7,PENIKESE ISLAND (8448248),25.0,ACT1706,5.9,SERVABLE-EXPLICIT,FAR+SUBOPTIMAL
76fb3416-b1e6-4abf-b229-3a29f2cf33b0,Middle Ground: S Turn Rip Trolling,vineyard-sound-middle-ground-s-turn-rip-trolling,,41.4845,-70.6153,Boston HW/LW (8443970),8443970,55.7,PENIKESE ISLAND (8448248),13.9,ACT1836,2.4,SERVABLE-EXPLICIT,FAR+SUBOPTIMAL
7a886044-8da7-4852-8f13-de070cc41fc0,Quick's Hole: Running the Deep Channel,elizabeth-islands-quick-s-hole-running-the-deep-channel,Elizabeth Islands,41.4341,-70.8359,Boston HW/LW (8443970),8443970,56.0,PENIKESE ISLAND (8448248),4.0,COD0914,0.8,SERVABLE-EXPLICIT,FAR+SUBOPTIMAL
7abb5d6d-035c-4a00-8d39-cff3c73b495c,Squibnocket: Tight Shoreline Boulder Fields,vineyard-sound-squibnocket-tight-shoreline-boulder-fields,,41.3117,-70.7683,Boston HW/LW (8443970),8443970,63.8,PENIKESE ISLAND (8448248),10.8,ACT1836,10.5,SERVABLE-EXPLICIT,FAR+SUBOPTIMAL
7c693927-ed0f-4e2b-b5c9-71649f0d7930,Pollock Rip Channel: Fluke Drifting,monomoy-shoals-pollock-rip-channel-fluke-drifting,Monomoy,41.5491,-69.9435,Boston HW/LW (8443970),8443970,69.1,"Barnstable Harbor, Beach Point (8447335)",18.5,ACT1626,3.5,SERVABLE-EXPLICIT,FAR+SUBOPTIMAL
7c83a6d3-baf8-4ad1-b9fb-a5d93034f230,Tom's Shoal: Wire And Lead Core Rip Troll,nantucket-sound-tom-s-shoal-wire-and-lead-core-rip-troll,,41.3679,-70.4411,Boston HW/LW (8443970),8443970,65.2,PENIKESE ISLAND (8448248),22.2,,,SERVABLE-EXPLICIT,FAR+SUBOPTIMAL
7dbd10a5-ebd0-47d4-ac7d-2b2f54c95487,Gay Head/Devil's Bridge: Deepwater Boulder Jigging,vineyard-sound-gay-head-devil-s-bridge-deepwater-boulder-jigging,,41.3577,-70.8643,Boston HW/LW (8443970),8443970,60.4,PENIKESE ISLAND (8448248),6.1,ACT1866,0.3,SERVABLE-EXPLICIT,FAR+SUBOPTIMAL
7edb977a-abda-4589-974b-5fa0da39f663,Bearses Shoal,monomoy-shoals-bearses-shoal,Monomoy,41.559,-69.956,Boston HW/LW (8443970),8443970,68.3,"Barnstable Harbor, Beach Point (8447335)",17.7,ACT1626,3.0,SERVABLE-EXPLICIT,FAR+SUBOPTIMAL
800cf6db-0a25-401a-9df5-4f1300df3be2,Sankaty Bluff: Dragging The Drop,nantucket-sound-sankaty-bluff-dragging-the-drop,,41.2835,-69.9512,Boston HW/LW (8443970),8443970,80.9,"Barnstable Harbor, Beach Point (8447335)",30.3,BOS1111,77.6,SERVABLE-EXPLICIT,FAR+SUBOPTIMAL
821fc802-0014-4948-84d9-c1c609d87336,Great Point: Working The Groundfish Edge,nantucket-sound-great-point-working-the-groundfish-edge,,41.4148,-70.0125,Boston HW/LW (8443970),8443970,73.0,"Barnstable Harbor, Beach Point (8447335)",22.1,ACT1666,2.6,SERVABLE-EXPLICIT,FAR+SUBOPTIMAL
84320dc7-d8b6-41f6-9a26-c5ae4baf44bd,Eldridge Shoal: Jigging The Eastern Drop,nantucket-sound-eldridge-shoal-jigging-the-eastern-drop,,41.526,-70.355,Boston HW/LW (8443970),8443970,58.6,"Barnstable Harbor, Beach Point (8447335)",12.2,ACT1761,3.3,SERVABLE-EXPLICIT,FAR+SUBOPTIMAL
86db9bcc-ac6d-4514-b7ec-d4871d39f27a,Bonito Bar: Sweeping The Shelf,nantucket-sound-bonito-bar-sweeping-the-shelf,,41.2543,-70.1947,Boston HW/LW (8443970),8443970,76.3,"Barnstable Harbor, Beach Point (8447335)",28.4,BOS1111,73.4,SERVABLE-EXPLICIT,FAR+SUBOPTIMAL
8a79089b-7702-454c-a8f3-3d161699ef9f,Barnstable Harbor (Blish Point),barnstable-harbor-boat-ramp,,,,,,,,,,,UNSERVABLE-NO-DATA,
8c3bd342-8700-485b-923a-9750047a417d,Green Pond Ramp,green-pond-boat-ramp,,,,,,,,,,,UNSERVABLE-NO-DATA,
8c6178c3-25c3-4081-9c16-e2b473d606bc,Gay Head/Devil's Bridge: Rip Line Casting,vineyard-sound-gay-head-devil-s-bridge-rip-line-casting,,41.3612,-70.8523,Boston HW/LW (8443970),8443970,60.3,PENIKESE ISLAND (8448248),6.2,ACT1866,0.5,SERVABLE-EXPLICIT,FAR+SUBOPTIMAL
8da7baf9-efe7-4944-9b00-98b0e8a8addc,Bishop and Clerks: Dropping On The Rocks,nantucket-sound-bishop-and-clerks-dropping-on-the-rocks,,41.57,-70.23,Boston HW/LW (8443970),8443970,59.6,"Barnstable Harbor, Beach Point (8447335)",9.4,BOS1111,56.3,SERVABLE-EXPLICIT,FAR+SUBOPTIMAL
8dad1e22-a8fc-42a1-ad3f-cd777b7ba975,Pollock Rip: Contour Tubes,monomoy-shoals-pollock-rip-contour-tubes,Monomoy,41.551,-69.8901,Boston HW/LW (8443970),8443970,70.8,"Barnstable Harbor, Beach Point (8447335)",20.5,ACT1626,5.9,SERVABLE-EXPLICIT,FAR+SUBOPTIMAL
8f00f9d4-bc19-45f4-a298-2824e07aa730,Succonnesset Shoal: Casting The Rip,nantucket-sound-succonnesset-shoal-casting-the-rip,,41.5382,-70.4689,Boston HW/LW (8443970),8443970,55.4,"Barnstable Harbor, Beach Point (8447335)",13.8,ACT1761,1.8,SERVABLE-EXPLICIT,FAR+SUBOPTIMAL
8f5a5868-dc3c-485a-838b-f4c382e5ba92,Squibnocket,vineyard-sound-squibnocket,,41.2952,-70.7729,Boston HW/LW (8443970),8443970,64.8,PENIKESE ISLAND (8448248),11.5,ACT1836,11.5,SERVABLE-EXPLICIT,FAR+SUBOPTIMAL
918a72b6-bbf4-4af3-abee-dc492834d258,Bishop and Clerks: Plugging The Boulders,nantucket-sound-bishop-and-clerks-plugging-the-boulders,,41.5764,-70.2513,Boston HW/LW (8443970),8443970,58.7,"Barnstable Harbor, Beach Point (8447335)",8.9,BOS1111,55.5,SERVABLE-EXPLICIT,FAR+SUBOPTIMAL
92938a7c-acf7-463c-b440-722f0ace2d4c,Gay Head/Devil's Bridge: Shoal Edge Contour Trolling,vineyard-sound-gay-head-devil-s-bridge-shoal-edge-contour-trolling,,41.355,-70.849,Boston HW/LW (8443970),8443970,60.6,PENIKESE ISLAND (8448248),6.6,ACT1866,0.8,SERVABLE-EXPLICIT,FAR+SUBOPTIMAL
9366216f-68dc-413e-a9f9-9db4bb350578,Succonnesset Shoal: Drifting The Sandy Drop,nantucket-sound-succonnesset-shoal-drifting-the-sandy-drop,,41.5369,-70.4511,Boston HW/LW (8443970),8443970,55.9,"Barnstable Harbor, Beach Point (8447335)",13.4,ACT1761,1.0,SERVABLE-EXPLICIT,FAR+SUBOPTIMAL
963e2658-fdd0-44da-b5e7-65c57ba21718,Noman's Land: Open Water Rolling Bass,vineyard-sound-noman-s-land-open-water-rolling-bass,,41.2603,-70.8402,Boston HW/LW (8443970),8443970,66.3,PENIKESE ISLAND (8448248),12.0,ACT1866,6.3,SERVABLE-EXPLICIT,FAR+SUBOPTIMAL
99e65f8a-b3bf-478a-a217-79958ef34cc9,Nobska Point: No Name Fluke Drift,vineyard-sound-nobska-point-no-name-fluke-drift,,41.5168,-70.6398,Boston HW/LW (8443970),8443970,53.5,PENIKESE ISLAND (8448248),13.3,ACT1831,0.9,SERVABLE-EXPLICIT,FAR+SUBOPTIMAL
9a748557-3fb3-4f15-8b54-fbf036ad1f4b,Banana Shoal: Groundfishing the Edges,elizabeth-islands-banana-shoal-groundfishing-the-edges,Elizabeth Islands,41.4252,-70.8222,Penikese Island (8448248),8448248,4.7,PENIKESE ISLAND (8448248),4.7,COD0914,1.6,SERVABLE-EXPLICIT,
9adde4d5-c688-4424-bb7f-e94fd7690ebb,Sankaty Bluff,nantucket-sound-sankaty-bluff,,41.2974,-69.9591,Boston HW/LW (8443970),8443970,80.0,"Barnstable Harbor, Beach Point (8447335)",29.4,BOS1111,76.8,SERVABLE-EXPLICIT,FAR+SUBOPTIMAL
9aebf0b2-12a4-4e21-ab53-adf58cc68d58,Sankaty Bluff: Crash And Bash On The Edge,nantucket-sound-sankaty-bluff-crash-and-bash-on-the-edge,,41.2974,-69.9591,Boston HW/LW (8443970),8443970,80.0,"Barnstable Harbor, Beach Point (8447335)",29.4,BOS1111,76.8,SERVABLE-EXPLICIT,FAR+SUBOPTIMAL
9c49b31e-17ea-41fd-816e-dbcf08b74122,Stonehorse / Shovelful: Swing Casting,monomoy-shoals-stonehorse-shovelful-swing-casting,Monomoy,41.5144,-69.9995,Boston HW/LW (8443970),8443970,68.9,"Barnstable Harbor, Beach Point (8447335)",17.9,ACT1626,2.4,SERVABLE-EXPLICIT,FAR+SUBOPTIMAL
9d3ad078-1281-4cd5-b0d2-ad377b4c04f2,The Race / Race Point,cape-cod-bay-the-race-race-point,,42.0627,-70.2667,Barnstable HW/LW (8447335),8447335,20.5,"Barnstable Harbor, Beach Point (8447335)",20.5,ACT1546,20.2,SERVABLE-EXPLICIT,FAR
9db4cb1c-d576-44d5-9b21-99a018636881,Handkerchief Shoal: Sea Bass Jigging,monomoy-shoals-handkerchief-shoal-sea-bass-jigging,Monomoy,41.5102,-70.0503,Boston HW/LW (8443970),8443970,67.5,"Barnstable Harbor, Beach Point (8447335)",16.5,ACT1626,2.7,SERVABLE-EXPLICIT,FAR+SUBOPTIMAL
9de1bc3b-e4b9-4934-b3e8-1b006a722d14,Horseshoe Shoal,nantucket-sound-horseshoe-shoal,,41.4495,-70.5144,Boston HW/LW (8443970),8443970,59.3,Buzzards Bay (8447270),18.1,ACT1736,12.0,SERVABLE-EXPLICIT,FAR+SUBOPTIMAL
9deae24c-7cbb-4b35-8513-035dd3377fae,Banana Shoal,elizabeth-islands-banana-shoal,Elizabeth Islands,41.4269,-70.8224,Penikese Island (8448248),8448248,4.7,PENIKESE ISLAND (8448248),4.7,COD0914,1.5,SERVABLE-EXPLICIT,
BB-MM-fs---Marion-Mattapoisett-Western-Shore,Marion & Mattapoisett,buzzards-bay-marion-and-mattapoisett,,41.68,-70.77,Boston HW/LW (8443970),8443970,42.3,Buzzards Bay (8447270),7.8,COD0906,4.5,SERVABLE-EXPLICIT,FAR+SUBOPTIMAL
BB-MM-fx-A-C1---Mattapoisett-Bonito-Corridor,Marion & Mattapoisett: Mattapoisett Bonito Corridor,buzzards-bay-marion-and-mattapoisett-mattapoisett-bonito-corridor,,41.6467,-70.8167,Boston HW/LW (8443970),8443970,43.7,Buzzards Bay (8447270),10.6,COD0906,7.0,SERVABLE-EXPLICIT,FAR+SUBOPTIMAL
BB-MM-fx-B-C1---Bird-Island-Eelgrass-Cast,Marion & Mattapoisett: Bird Island Eelgrass Cast,buzzards-bay-marion-and-mattapoisett-bird-island-eelgrass-cast,,41.675,-70.7183,Boston HW/LW (8443970),8443970,43.4,Buzzards Bay (8447270),6.1,COD0906,2.3,SERVABLE-EXPLICIT,FAR+SUBOPTIMAL
BB-MM-fx-B-C2---Sippican-Harbor-Day-Pogy-Bass,Marion & Mattapoisett: Sippican Harbor Day Pogy Bass,buzzards-bay-marion-and-mattapoisett-sippican-harbor-day-pogy-bass,,41.6917,-70.7583,Boston HW/LW (8443970),8443970,41.8,Buzzards Bay (8447270),7.0,COD0906,3.9,SERVABLE-EXPLICIT,FAR+SUBOPTIMAL
BB-MM-fx-B-C3---Weweantic-Night-Trophy,Marion & Mattapoisett: Weweantic Night Trophy,buzzards-bay-marion-and-mattapoisett-weweantic-night-trophy,,41.7417,-70.7333,Boston HW/LW (8443970),8443970,39.4,Buzzards Bay (8447270),5.2,COD0906,4.2,SERVABLE-EXPLICIT,FAR+SUBOPTIMAL
BB-MM-fx-B-T1---Centerboard-Sippican-Tube-Worm-Troll,Marion & Mattapoisett: Centerboard Sippican Tube Worm Troll,buzzards-bay-marion-and-mattapoisett-centerboard-sippican-tube-worm-troll,,41.68,-70.735,Boston HW/LW (8443970),8443970,42.8,Buzzards Bay (8447270),6.5,COD0906,2.9,SERVABLE-EXPLICIT,FAR+SUBOPTIMAL
BB-MM-fx-G-A1---Centerboard-Anchored-Bottom,Marion & Mattapoisett: Centerboard Anchored Bottom,buzzards-bay-marion-and-mattapoisett-centerboard-anchored-bottom,,41.67,-70.727,Boston HW/LW (8443970),8443970,43.5,Buzzards Bay (8447270),6.6,COD0906,2.8,SERVABLE-EXPLICIT,FAR+SUBOPTIMAL
BB-MM-fx-G-A2---Ram-Island-Anchored-Tautog,Marion & Mattapoisett: Ram Island Anchored Tautog,buzzards-bay-marion-and-mattapoisett-ram-island-anchored-tautog,,41.6583,-70.7917,Boston HW/LW (8443970),8443970,43.3,Buzzards Bay (8447270),9.3,COD0906,5.7,SERVABLE-EXPLICIT,FAR+SUBOPTIMAL
BB-MM-fx-G-J1---Bird-Island-Sea-Bass-Rock-Pile-Hop,Marion & Mattapoisett: Bird Island Sea Bass Rock Pile Hop,buzzards-bay-marion-and-mattapoisett-bird-island-sea-bass-rock-pile-hop,,41.675,-70.7183,Boston HW/LW (8443970),8443970,43.4,Buzzards Bay (8447270),6.1,COD0906,2.3,SERVABLE-EXPLICIT,FAR+SUBOPTIMAL
BB-MM-fx-G-J2---Bird-Island-Spring-Tautog-Rocks,Marion & Mattapoisett: Bird Island Spring Tautog Rocks,buzzards-bay-marion-and-mattapoisett-bird-island-spring-tautog-rocks,,41.675,-70.7183,Boston HW/LW (8443970),8443970,43.4,Buzzards Bay (8447270),6.1,COD0906,2.3,SERVABLE-EXPLICIT,FAR+SUBOPTIMAL
BB-MM-fx-G-J3---Ram-Island-Drift-Jigging-Sea-Bass,Marion & Mattapoisett: Ram Island Drift Jigging Sea Bass,buzzards-bay-marion-and-mattapoisett-ram-island-drift-jigging-sea-bass,,41.6583,-70.7917,Boston HW/LW (8443970),8443970,43.3,Buzzards Bay (8447270),9.3,COD0906,5.7,SERVABLE-EXPLICIT,FAR+SUBOPTIMAL
BB-WE-fs---West-End-of-the-Canal,West End of the Canal,buzzards-bay-west-end-of-the-canal,,41.7285,-70.6369,Boston HW/LW (8443970),8443970,41.8,Buzzards Bay (8447270),1.2,COD0905,0.3,SERVABLE-EXPLICIT,FAR+SUBOPTIMAL
BB-WE-fx-B-C1---Chasing-Spring-Birds,West End of the Canal: Chasing Spring Birds,buzzards-bay-west-end-of-the-canal-chasing-spring-birds,,41.7369,-70.63,Boston HW/LW (8443970),8443970,41.5,Buzzards Bay (8447270),0.7,COD0905,0.9,SERVABLE-EXPLICIT,FAR+SUBOPTIMAL
BB-WE-fx-B-C2---Mashnee-Point-Swing,West End of the Canal: Mashnee Point Swing,buzzards-bay-west-end-of-the-canal-mashnee-point-swing,,41.7185,-70.6406,Boston HW/LW (8443970),8443970,42.3,Buzzards Bay (8447270),1.8,COD0905,0.3,SERVABLE-EXPLICIT,FAR+SUBOPTIMAL
BB-WE-fx-B-T---Running-the-Channel,West End of the Canal: Running the Channel,buzzards-bay-west-end-of-the-canal-running-the-channel,,41.7167,-70.6283,Boston HW/LW (8443970),8443970,42.6,Buzzards Bay (8447270),1.6,COD0905,0.7,SERVABLE-EXPLICIT,FAR+SUBOPTIMAL
BB-WE-fx-G-J1---May-Sea-Bass,West End of the Canal: May Sea Bass,buzzards-bay-west-end-of-the-canal-may-sea-bass,,41.7167,-70.6283,Boston HW/LW (8443970),8443970,42.6,Buzzards Bay (8447270),1.6,COD0905,0.7,SERVABLE-EXPLICIT,FAR+SUBOPTIMAL
BB-WE-fx-G-J2---Fluke-Drifts-Mashnee,West End of the Canal: Fluke Drifts Mashnee,buzzards-bay-west-end-of-the-canal-fluke-drifts-mashnee,,41.7185,-70.6406,Boston HW/LW (8443970),8443970,42.3,Buzzards Bay (8447270),1.8,COD0905,0.3,SERVABLE-EXPLICIT,FAR+SUBOPTIMAL
BB-WP-fx-B-C1---Spring-Pogy-Pass-at-Weepeckets,Weepecket Islands: Spring Pogy Pass,buzzards-bay-weepecket-islands-spring-pogy-pass,,41.498,-70.715,Boston HW/LW (8443970),8443970,53.5,PENIKESE ISLAND (8448248),9.7,ACT1951,1.2,SERVABLE-EXPLICIT,FAR+SUBOPTIMAL
BB-WP-fx-G-A1---Fall-Tog-on-the-Steep-Ledges-at-Weepeckets,Weepecket Islands: Fall Tog on the Steep Ledges,buzzards-bay-weepecket-islands-fall-tog-on-the-steep-ledges,,41.5028,-70.748,Boston HW/LW (8443970),8443970,52.9,PENIKESE ISLAND (8448248),8.4,ACT1951,0.5,SERVABLE-EXPLICIT,FAR+SUBOPTIMAL
BR-CCB-EAS-RH,Rock Harbor Ramp (Eastham),,,41.799,-70.0078,,,,,,,,UNSERVABLE-NO-STATION (coords only; Worker has no nearest lookup),
BR-CCB-PRO-WE,West End Provincetown Ramp,,,42.053,-70.1903,,,,,,,,UNSERVABLE-NO-STATION (coords only; Worker has no nearest lookup),
BR-CCB-WEL-TR,Wellfleet Town Ramp,,,41.9276,-70.0386,,,,,,,,UNSERVABLE-NO-STATION (coords only; Worker has no nearest lookup),
BR-NS-CHA-BH,Barn Hill Ramp,,,41.679,-69.965,,,,,,,,UNSERVABLE-NO-STATION (coords only; Worker has no nearest lookup),
BR-NS-CHA-MR,Mitchell River Ramp,,,41.673,-69.965,,,,,,,,UNSERVABLE-NO-STATION (coords only; Worker has no nearest lookup),
BR-NS-DEN-HC,Horsefoot Cove Ramp,,,41.64,-70.15,,,,,,,,UNSERVABLE-NO-STATION (coords only; Worker has no nearest lookup),
BR-NS-DEN-UF,Uncle Freeman's Landing,,,41.66,-70.2,,,,,,,,UNSERVABLE-NO-STATION (coords only; Worker has no nearest lookup),
BR-NS-MAS-OB,Ockway Bay Ramp,,,41.597,-70.475,,,,,,,,UNSERVABLE-NO-STATION (coords only; Worker has no nearest lookup),
BR-NS-YAR-WP,Wilbur Park Ramp,,,41.69,-70.205,,,,,,,,UNSERVABLE-NO-STATION (coords only; Worker has no nearest lookup),
BR-OC-EAS-HM,Hemenway Landing,,,41.843,-69.965,,,,,,,,UNSERVABLE-NO-STATION (coords only; Worker has no nearest lookup),
BR-OC-ORL-CV,Cove Road Ramp,,,41.77,-69.942,,,,,,,,UNSERVABLE-NO-STATION (coords only; Worker has no nearest lookup),
BR-OC-ORL-MP,Meetinghouse Pond Town Landing,,,41.777,-69.953,,,,,,,,UNSERVABLE-NO-STATION (coords only; Worker has no nearest lookup),
BR-OC-ORL-RV,River Road Ramp,,,41.78,-69.961,,,,,,,,UNSERVABLE-NO-STATION (coords only; Worker has no nearest lookup),
BR-VS-FAL-CR,Childs River Ramp,,,41.5575,-70.521,,,,,,,,UNSERVABLE-NO-STATION (coords only; Worker has no nearest lookup),
BR-VS-FAL-GR,Great River Ramp,,,41.564,-70.53,,,,,,,,UNSERVABLE-NO-STATION (coords only; Worker has no nearest lookup),
CC-RH-br,Rock Harbor Ramp (Orleans),,,41.8,-70.0086,,,,,,,,UNSERVABLE-NO-STATION (coords only; Worker has no nearest lookup),
CCB-BF-fx-M-C1---Stalking-the-Flats,Brewster Flats: Stalking the Flats,cape-cod-bay-brewster-flats-stalking-the-flats,,41.78,-70.075,Barnstable HW/LW (8447335),8447335,10.0,"Barnstable Harbor, Beach Point (8447335)",10.0,ACT1546,9.4,SERVABLE-EXPLICIT,
CCB-BF-fx-M-C2---Paines-Creek-Channel-Edge,Brewster Flats: Paines Creek Channel Edge,cape-cod-bay-brewster-flats-paines-creek-channel-edge,,41.7717,-70.0856,Barnstable HW/LW (8447335),8447335,9.4,"Barnstable Harbor, Beach Point (8447335)",9.4,ACT1546,8.8,SERVABLE-EXPLICIT,
CCB-BF-fx-M-C3---Breakwater-Channel-Gravel-Drop,Brewster Flats: Breakwater Channel Gravel Drop,cape-cod-bay-brewster-flats-breakwater-channel-gravel-drop,,41.7733,-70.0808,Barnstable HW/LW (8447335),8447335,9.7,"Barnstable Harbor, Beach Point (8447335)",9.7,ACT1546,9.1,SERVABLE-EXPLICIT,
CCB-BF-fx-M-C4---Saints-Landing-Depressions,Brewster Flats: Saints Landing Depressions,cape-cod-bay-brewster-flats-saints-landing-depressions,,41.7683,-70.0717,Barnstable HW/LW (8447335),8447335,10.0,"Barnstable Harbor, Beach Point (8447335)",10.0,ACT1546,9.4,SERVABLE-EXPLICIT,
CCB-BH-fx-B-T1---Sliding-the-Main-Line,Barnstable Harbor: Sliding the Main Line,cape-cod-bay-barnstable-harbor-sliding-the-main-line,,41.7267,-70.3,Barnstable HW/LW (8447335),8447335,0.7,"Barnstable Harbor, Beach Point (8447335)",0.7,ACT1546,1.2,SERVABLE-EXPLICIT,
CCB-BH-fx-B-T2---Outer-Contour-Tube-Troll,Barnstable Harbor: Outer Contour Tube Troll,cape-cod-bay-barnstable-harbor-outer-contour-tube-troll,,41.73,-70.2867,Barnstable HW/LW (8447335),8447335,0.5,"Barnstable Harbor, Beach Point (8447335)",0.5,ACT1546,0.6,SERVABLE-EXPLICIT,
CCB-BH-fx-G-J1---Channel-Edge-Jigging,Barnstable Harbor: Channel Edge Jigging,cape-cod-bay-barnstable-harbor-channel-edge-jigging,,41.7267,-70.3,Barnstable HW/LW (8447335),8447335,0.7,"Barnstable Harbor, Beach Point (8447335)",0.7,ACT1546,1.2,SERVABLE-EXPLICIT,
CCB-BH-fx-G-J2---Outer-Contour-Jigging,Barnstable Harbor: Outer Contour Jigging,cape-cod-bay-barnstable-harbor-outer-contour-jigging,,41.73,-70.2867,Barnstable HW/LW (8447335),8447335,0.5,"Barnstable Harbor, Beach Point (8447335)",0.5,ACT1546,0.6,SERVABLE-EXPLICIT,
CCB-BH-fx-M-C1---Inner-Flats-Sightcast,Barnstable Harbor: Inner Flats Sightcast,cape-cod-bay-barnstable-harbor-inner-flats-sightcast,,41.715,-70.2983,Barnstable HW/LW (8447335),8447335,0.7,"Barnstable Harbor, Beach Point (8447335)",0.7,ACT1546,1.3,SERVABLE-EXPLICIT,
CCB-BH-fx-M-C2---Marsh-Drain-Seam-Casting,Barnstable Harbor: Marsh Drain Seam Casting,cape-cod-bay-barnstable-harbor-marsh-drain-seam-casting,,41.722,-70.3083,Barnstable HW/LW (8447335),8447335,1.0,"Barnstable Harbor, Beach Point (8447335)",1.0,ACT1546,1.6,SERVABLE-EXPLICIT,
CCB-BH-fx-M-C3---Sandy-Neck-Surfline-Casting,Barnstable Harbor: Sandy Neck Surfline Casting,cape-cod-bay-barnstable-harbor-sandy-neck-surfline-casting,,41.7283,-70.2933,Barnstable HW/LW (8447335),8447335,0.5,"Barnstable Harbor, Beach Point (8447335)",0.5,ACT1546,0.9,SERVABLE-EXPLICIT,
CCB-BH-fx-M-C4---Walking-the-Edge,Barnstable Harbor: Walking the Edge,cape-cod-bay-barnstable-harbor-walking-the-edge,,41.729,-70.29,Barnstable HW/LW (8447335),8447335,0.5,"Barnstable Harbor, Beach Point (8447335)",0.5,ACT1546,0.8,SERVABLE-EXPLICIT,
CCB-TT-fx-B-T1---Cracking-the-Contour-Line-Code,Tube Track: Cracking the Contour Line Code,cape-cod-bay-tube-track-cracking-the-contour-line-code,,41.78,-70.3,Barnstable HW/LW (8447335),8447335,3.6,"Barnstable Harbor, Beach Point (8447335)",3.6,ACT1546,3.4,SERVABLE-EXPLICIT,
CCB-TT-fx-M-C1---First-Light-Floaters,Tube Track: First Light Floaters,cape-cod-bay-tube-track-first-light-floaters,,41.78,-70.3,Barnstable HW/LW (8447335),8447335,3.6,"Barnstable Harbor, Beach Point (8447335)",3.6,ACT1546,3.4,SERVABLE-EXPLICIT,
NS-PI-br,Pirates Cove Town Ramp,,,41.6004,-70.4664,,,,,,,,UNSERVABLE-NO-STATION (coords only; Worker has no nearest lookup),
NS-SQ-br,Saquatucket Harbor,saquatucket-harbor,Nantucket Sound,41.6694,-70.058,,,,,,,,UNSERVABLE-NO-STATION (coords only; Worker has no nearest lookup),
OB-CCB-CC-fs-CC-Buoy,CC Buoy,cc-buoy,Cape Cod Bay (Offshore),,,,,,,,,,UNSERVABLE-NO-DATA,
OB-CCB-FL-fs-Fishermans-Ledge,Fishermans Ledge,,,,,,,,,,,,UNSERVABLE-NO-DATA,
OB-CCB-HM-fs-The-Humps,The Humps,the-humps,Cape Cod Bay (Offshore),,,,,,,,,,UNSERVABLE-NO-DATA,
OB-CCB-MN-fs-Manomet,Manomet,manomet,Cape Cod Bay (Offshore),,,,,,,,,,UNSERVABLE-NO-DATA,
OB-CCB-PH-fs-Peaked-Hill-Bar,Peaked Hill Bar,peaked-hill-bar,Cape Cod Bay (Offshore),,,,,,,,,,UNSERVABLE-NO-DATA,
OB-CCB-SB-fs-Stellwagen-Bank,Stellwagen Bank,stellwagen-bank,Cape Cod Bay (Offshore),,,,,,,,,,UNSERVABLE-NO-DATA,
OB-CCB-SL-fs-Shipping-Lanes-CCB,Shipping Lanes CCB,shipping-lanes-ccb,Cape Cod Bay (Offshore),,,,,,,,,,UNSERVABLE-NO-DATA,
OB-CCB-WE-fs-Wood-End,Wood End,wood-end,Cape Cod Bay (Offshore),,,,,,,,,,UNSERVABLE-NO-DATA,
OB-CCB-WK-fs-Wildcat-Knoll,Wildcat Knoll,wildcat-knoll,Cape Cod Bay (Offshore),,,,,,,,,,UNSERVABLE-NO-DATA,
OB-EOC-BB-fs-BB-Buoy,BB Buoy,bb-buoy,,,,,,,,,,,UNSERVABLE-NO-DATA,
OB-EOC-BC-fs-BC-Buoy,BC Buoy,bc-buoy,,,,,,,,,,,UNSERVABLE-NO-DATA,
OB-EOC-CL-fs-Crab-Ledge,Crab Ledge,crab-ledge,,,,,,,,,,,UNSERVABLE-NO-DATA,
OB-EOC-RS-fs-Regal-Sword,Regal Sword,regal-sword,,,,,,,,,,,UNSERVABLE-NO-DATA,
OB-SMV-CX-fs-Coxes-Ledge,Coxes Ledge,coxes-ledge,South of MV,,,,,,,,,,UNSERVABLE-NO-DATA,
OB-SMV-DMP-fs-The-Dump,The Dump,the-dump,South of MV,,,,,,,,,,UNSERVABLE-NO-DATA,
OB-SMV-FG-fs-The-Fingers,The Fingers,the-fingers,South of MV,,,,,,,,,,UNSERVABLE-NO-DATA,
OB-SMV-GG-fs-Gordons-Gully,Gordons Gully,gordons-gully,South of MV,,,,,,,,,,UNSERVABLE-NO-DATA,
OB-SMV-GY-fs-The-Gully,The Gully,the-gully,South of MV,,,,,,,,,,UNSERVABLE-NO-DATA,
OB-SMV-IF-fs-Inside-Fingers,Inside Fingers,inside-fingers,South of MV,,,,,,,,,,UNSERVABLE-NO-DATA,
OB-SMV-OW-fs-The-Owl,The Owl,the-owl,South of MV,,,,,,,,,,UNSERVABLE-NO-DATA,
OB-SMV-RH-fs-Ryans-Horn,Ryans Horn,ryans-horn,South of MV,,,,,,,,,,UNSERVABLE-NO-DATA,
OB-SMV-SL-fs-Shipping-Lanes,Shipping Lanes,shipping-lanes,South of MV,,,,,,,,,,UNSERVABLE-NO-DATA,
OB-SMV-ST-fs-The-Star,The Star,the-star,South of MV,,,,,,,,,,UNSERVABLE-NO-DATA,
OB-SMV-SW-fs-Suffolk-Wreck,Suffolk Wreck,suffolk-wreck,South of MV,,,,,,,,,,UNSERVABLE-NO-DATA,
OB-SMV-TC-fs-The-Claw,The Claw,the-claw,South of MV,,,,,,,,,,UNSERVABLE-NO-DATA,
OB-SMV-TR-fs-Tuna-Ridge,Tuna Ridge,tuna-ridge,South of MV,,,,,,,,,,UNSERVABLE-NO-DATA,
OC-RC-br,Ryders Cove Town Ramp,,,41.7044,-69.9773,,,,,,,,UNSERVABLE-NO-STATION (coords only; Worker has no nearest lookup),
a0bf00c7-1124-4f10-a89f-dcf423dd63b0,Pollock Rip Channel: Sea Bass Jigging,monomoy-shoals-pollock-rip-channel-sea-bass-jigging,Monomoy,41.556,-69.9113,Boston HW/LW (8443970),8443970,69.9,"Barnstable Harbor, Beach Point (8447335)",19.5,ACT1626,5.0,SERVABLE-EXPLICIT,FAR+SUBOPTIMAL
a1aea2c3-c60a-4963-a3cf-30cecfb82672,Elizabeth Islands: Tubing Contour Line,elizabeth-islands-elizabeth-islands-tubing-contour-line,Elizabeth Islands,41.4513,-70.7762,Boston HW/LW (8443970),8443970,55.6,PENIKESE ISLAND (8448248),6.5,ACT1841,2.6,SERVABLE-EXPLICIT,FAR+SUBOPTIMAL
a3732d2a-8849-44ff-aa0c-4622801610c2,Scorton Ledge: East End Canal,cape-cod-bay-scorton-ledge-east-end-canal,,41.76,-70.4735,Barnstable HW/LW (8447335),8447335,8.8,Buzzards Bay (8447270),6.5,ACT1546,9.2,SERVABLE-EXPLICIT,
a4aa8d25-2e2e-40b6-9679-d9531d72b9b6,Around the Point: Rip Corner Cast,monomoy-shoals-around-the-point-rip-corner-cast,Monomoy,41.537,-70.0122,Boston HW/LW (8443970),8443970,67.5,"Barnstable Harbor, Beach Point (8447335)",16.5,ACT1626,0.9,SERVABLE-EXPLICIT,FAR+SUBOPTIMAL
a4d47aa8-fc1e-41d7-8786-529c2b96bc4e,Banana Shoal: Working the Slopes,elizabeth-islands-banana-shoal-working-the-slopes,Elizabeth Islands,41.4297,-70.8382,Penikese Island (8448248),8448248,4.0,PENIKESE ISLAND (8448248),4.0,COD0914,0.9,SERVABLE-EXPLICIT,
a4e73544-37d6-45d5-85bb-3c5a5ffc70a2,Eldridge Shoal,nantucket-sound-eldridge-shoal,,41.5286,-70.4243,Boston HW/LW (8443970),8443970,56.9,"Barnstable Harbor, Beach Point (8447335)",13.2,ACT1761,0.3,SERVABLE-EXPLICIT,FAR+SUBOPTIMAL
a6c922de-c4ec-4a77-8047-475e72c3f161,Bearses Shoal: Swing Casting,monomoy-shoals-bearses-shoal-swing-casting,Monomoy,41.5588,-69.9507,Boston HW/LW (8443970),8443970,68.5,"Barnstable Harbor, Beach Point (8447335)",17.9,ACT1626,3.2,SERVABLE-EXPLICIT,FAR+SUBOPTIMAL
a7b82fcb-1921-4910-9c65-ee8a81de8c8c,Elizabeth Islands: Plugging the Rock Lines,elizabeth-islands-elizabeth-islands-plugging-the-rock-lines,Elizabeth Islands,41.4513,-70.7762,Boston HW/LW (8443970),8443970,55.6,PENIKESE ISLAND (8448248),6.5,ACT1841,2.6,SERVABLE-EXPLICIT,FAR+SUBOPTIMAL
aa2201e2-21ed-46c6-a445-7336138162b0,Noman's Land: Spring Herring Jigging,vineyard-sound-noman-s-land-spring-herring-jigging,,41.2603,-70.8402,Boston HW/LW (8443970),8443970,66.3,PENIKESE ISLAND (8448248),12.0,ACT1866,6.3,SERVABLE-EXPLICIT,FAR+SUBOPTIMAL
abc741c2-717a-4033-9c20-66675a875e87,Middle Ground: Deep Boulder Groundfish,vineyard-sound-middle-ground-deep-boulder-groundfish,,41.4696,-70.664,Boston HW/LW (8443970),8443970,55.8,PENIKESE ISLAND (8448248),11.7,ACT1836,0.1,SERVABLE-EXPLICIT,FAR+SUBOPTIMAL
ac2663de-ce19-45fc-9b46-0f0d480067e1,Hedge Fence: Trolling The Rip Loop,nantucket-sound-hedge-fence-trolling-the-rip-loop,,41.4872,-70.5279,Boston HW/LW (8443970),8443970,57.0,Buzzards Bay (8447270),15.8,ACT1766,2.2,SERVABLE-EXPLICIT,FAR+SUBOPTIMAL
ae490722-f02c-4853-9029-62394cb8c047,Stonehorse / Shovelful,monomoy-shoals-stonehorse-shovelful,Monomoy,41.4973,-69.9861,Boston HW/LW (8443970),8443970,70.0,"Barnstable Harbor, Beach Point (8447335)",19.0,ACT1626,3.5,SERVABLE-EXPLICIT,FAR+SUBOPTIMAL
b025a960-69a1-4ffc-8225-e29e65221d51,Wasque: Bottom Jigging,nantucket-sound-wasque-bottom-jigging,,41.3349,-70.3535,Boston HW/LW (8443970),8443970,68.7,"Barnstable Harbor, Beach Point (8447335)",23.4,BOS1111,66.0,SERVABLE-EXPLICIT,FAR+SUBOPTIMAL
b0506d68-089d-422e-9330-ac53af077316,Robinson's Hole,elizabeth-islands-robinson-s-hole,Elizabeth Islands,41.4471,-70.8053,Boston HW/LW (8443970),8443970,55.5,PENIKESE ISLAND (8448248),5.2,COD0913,0.2,SERVABLE-EXPLICIT,FAR+SUBOPTIMAL
b06c5c7a-a189-4ca8-8fe6-b277b8f34cd3,Nobska Point: Contour Trolling,vineyard-sound-nobska-point-contour-trolling,,41.5141,-70.6544,Boston HW/LW (8443970),8443970,53.4,PENIKESE ISLAND (8448248),12.6,ACT1831,0.9,SERVABLE-EXPLICIT,FAR+SUBOPTIMAL
b3bb6636-1213-45e0-baaf-86de2c3ce927,Wasque,nantucket-sound-wasque,,41.3391,-70.4455,Boston HW/LW (8443970),8443970,66.7,PENIKESE ISLAND (8448248),22.5,BOS1111,64.2,SERVABLE-EXPLICIT,FAR+SUBOPTIMAL
b492ba38-8ff6-480e-84fe-7af959a5a5c6,Wasque: Fishing The Swing,nantucket-sound-wasque-fishing-the-swing,,41.3391,-70.4455,Boston HW/LW (8443970),8443970,66.7,PENIKESE ISLAND (8448248),22.5,BOS1111,64.2,SERVABLE-EXPLICIT,FAR+SUBOPTIMAL
b5fb5a48-1f35-47b1-b49c-6e2e7b5b0f5f,Billingsgate Shoal: Mackerel Jigging,cape-cod-bay-billingsgate-shoal-mackerel-jigging,,41.835,-70.145,Barnstable HW/LW (8447335),8447335,9.3,"Barnstable Harbor, Beach Point (8447335)",9.3,ACT1546,8.7,SERVABLE-EXPLICIT,
b60323f0-c39f-4872-a4da-a3f60e126d4d,Scorton Ledge: Slope Jigging,cape-cod-bay-scorton-ledge-slope-jigging,,41.7577,-70.4244,Barnstable HW/LW (8447335),8447335,6.6,"Barnstable Harbor, Beach Point (8447335)",6.6,ACT1546,7.0,SERVABLE-EXPLICIT,
b73a561b-cd2b-4c34-ba43-30979f24af8e,Nobska Point,vineyard-sound-nobska-point,,41.5139,-70.6543,Boston HW/LW (8443970),8443970,53.4,PENIKESE ISLAND (8448248),12.6,ACT1831,0.9,SERVABLE-EXPLICIT,FAR+SUBOPTIMAL
b86ef69e-5cef-405a-9225-5be96132fa51,Middle Ground: Bow Bell Western Jigging,vineyard-sound-middle-ground-bow-bell-western-jigging,,41.4845,-70.6153,Boston HW/LW (8443970),8443970,55.7,PENIKESE ISLAND (8448248),13.9,ACT1836,2.4,SERVABLE-EXPLICIT,FAR+SUBOPTIMAL
b964cf4f-1ea5-45a6-a9d3-dc5c1b5a7d2e,Middle Ground: Rip Edge Mixed Bag,vineyard-sound-middle-ground-rip-edge-mixed-bag,,41.4772,-70.6565,Boston HW/LW (8443970),8443970,55.5,PENIKESE ISLAND (8448248),12.0,ACT1836,0.7,SERVABLE-EXPLICIT,FAR+SUBOPTIMAL
b9e05334-492e-4a53-8370-811c7719aae5,Cleveland Ledge: Pinning on the Wrecks,buzzards-bay-cleveland-ledge-pinning-on-the-wrecks,,41.6336,-70.6933,Boston HW/LW (8443970),8443970,46.1,Buzzards Bay (8447270),7.3,COD0907,0.2,SERVABLE-EXPLICIT,FAR+SUBOPTIMAL
bca86291-4675-41a9-a131-110aa280a4d8,Succonnesset Shoal: Trolling The South Lane,nantucket-sound-succonnesset-shoal-trolling-the-south-lane,,41.535,-70.44,Boston HW/LW (8443970),8443970,56.2,"Barnstable Harbor, Beach Point (8447335)",13.2,ACT1761,0.5,SERVABLE-EXPLICIT,FAR+SUBOPTIMAL
bf1a0488-68f9-4b00-8e6b-fb3d8d860fe3,Around the Point,monomoy-shoals-around-the-point,Monomoy,41.539,-69.9993,Boston HW/LW (8443970),8443970,67.8,"Barnstable Harbor, Beach Point (8447335)",16.9,ACT1626,1.2,SERVABLE-EXPLICIT,FAR+SUBOPTIMAL
bf4fa4dc-1b49-4828-945a-18b0d5252535,Bonito Bar: Swing Casting Speedsters,nantucket-sound-bonito-bar-swing-casting-speedsters,,41.2681,-70.2207,Boston HW/LW (8443970),8443970,75.0,"Barnstable Harbor, Beach Point (8447335)",27.4,BOS1111,72.2,SERVABLE-EXPLICIT,FAR+SUBOPTIMAL
c1ea4250-8655-4e83-a2f4-e5e39bece4b0,Stonehorse / Shovelful: Fly Troll,monomoy-shoals-stonehorse-shovelful-fly-troll,Monomoy,41.5144,-69.9995,Boston HW/LW (8443970),8443970,68.9,"Barnstable Harbor, Beach Point (8447335)",17.9,ACT1626,2.4,SERVABLE-EXPLICIT,FAR+SUBOPTIMAL
c5a2ecc7-503a-438d-b33e-625d0b93c8b9,Billingsgate Shoal: Crown Casting,cape-cod-bay-billingsgate-shoal-crown-casting,,41.8426,-70.1384,Barnstable HW/LW (8447335),8447335,9.8,"Barnstable Harbor, Beach Point (8447335)",9.8,ACT1546,9.2,SERVABLE-EXPLICIT,
c7dc94b8-3758-4a22-8981-b21294de2ccd,Pollock Rip Channel,monomoy-shoals-pollock-rip-channel,Monomoy,41.5544,-69.9265,Boston HW/LW (8443970),8443970,69.4,"Barnstable Harbor, Beach Point (8447335)",19.0,ACT1626,4.3,SERVABLE-EXPLICIT,FAR+SUBOPTIMAL
c8c38d30-5abc-4914-8729-eb641eaa9c7f,Elizabeth Islands: Jigging Shallow Groundfish,elizabeth-islands-elizabeth-islands-jigging-shallow-groundfish,Elizabeth Islands,41.4513,-70.7762,Boston HW/LW (8443970),8443970,55.6,PENIKESE ISLAND (8448248),6.5,ACT1841,2.6,SERVABLE-EXPLICIT,FAR+SUBOPTIMAL
c8e13e24-e331-49a7-b10e-4c25ec88475c,Horseshoe Shoal: Casting The Drift Zone,nantucket-sound-horseshoe-shoal-casting-the-drift-zone,,41.5018,-70.3992,Boston HW/LW (8443970),8443970,58.8,"Barnstable Harbor, Beach Point (8447335)",14.2,ACT1736,5.9,SERVABLE-EXPLICIT,FAR+SUBOPTIMAL
c9c47c4a-2570-4a5b-ad75-0e335ab0fae9,Halfway / L'Hommedieu: Trolling The Rip Loop,nantucket-sound-halfway-l-hommedieu-trolling-the-rip-loop,,41.5082,-70.5861,Boston HW/LW (8443970),8443970,54.8,Buzzards Bay (8447270),14.1,ACT1806,2.2,SERVABLE-EXPLICIT,FAR+SUBOPTIMAL
ca384316-8b38-49ef-bcc1-bc91b3f4b29e,Handkerchief Shoal,monomoy-shoals-handkerchief-shoal,Monomoy,41.5313,-70.0309,Boston HW/LW (8443970),8443970,67.2,"Barnstable Harbor, Beach Point (8447335)",16.1,ACT1626,1.2,SERVABLE-EXPLICIT,FAR+SUBOPTIMAL
cb977f14-6470-4766-9fd8-56dcb612c326,Pollock Rip,monomoy-shoals-pollock-rip,Monomoy,41.554,-69.8937,Boston HW/LW (8443970),8443970,70.5,"Barnstable Harbor, Beach Point (8447335)",20.2,ACT1626,5.8,SERVABLE-EXPLICIT,FAR+SUBOPTIMAL
cd5cbef3-6640-417c-847a-d3434d125a05,Tom's Shoal,nantucket-sound-tom-s-shoal,,41.3679,-70.4411,Boston HW/LW (8443970),8443970,65.2,PENIKESE ISLAND (8448248),22.2,,,SERVABLE-EXPLICIT,FAR+SUBOPTIMAL
d01b12a7-25a9-40ba-a756-2995ac6c2321,Lucas Shoal: Casting Rip Lanes,vineyard-sound-lucas-shoal-casting-rip-lanes,,41.4396,-70.8339,Boston HW/LW (8443970),8443970,55.7,PENIKESE ISLAND (8448248),4.0,ACT1836,7.8,SERVABLE-EXPLICIT,FAR+SUBOPTIMAL
d0e87d47-e469-4f24-8c09-45a3858f346c,Billingsgate Shoal: Deep Ledge Jigging,cape-cod-bay-billingsgate-shoal-deep-ledge-jigging,,41.8421,-70.1268,Barnstable HW/LW (8447335),8447335,10.1,"Barnstable Harbor, Beach Point (8447335)",10.1,ACT1546,9.5,SERVABLE-EXPLICIT,
d1b1b264-0f22-4844-83e6-2df83a9f421e,Squibnocket: Southern Humps Jigging,vineyard-sound-squibnocket-southern-humps-jigging,,41.2902,-70.7669,Boston HW/LW (8443970),8443970,65.1,PENIKESE ISLAND (8448248),11.9,ACT1836,11.6,SERVABLE-EXPLICIT,FAR+SUBOPTIMAL
d3544c6e-da61-4b78-852d-73e570a58dde,Stage Harbor / Hardings,monomoy-shoals-stage-harbor-hardings,Monomoy,41.666,-69.97,Boston HW/LW (8443970),8443970,63.5,"Barnstable Harbor, Beach Point (8447335)",14.5,ACT1626,7.3,SERVABLE-EXPLICIT,FAR+SUBOPTIMAL
d9c878a6-0588-4e68-8499-f8ae9e7bec94,The Hooter: Casting The Drift Line,nantucket-sound-the-hooter-casting-the-drift-line,,41.2644,-70.4395,Boston HW/LW (8443970),8443970,70.9,PENIKESE ISLAND (8448248),24.4,ACT1706,5.1,SERVABLE-EXPLICIT,FAR+SUBOPTIMAL
dc7484b3-ca41-4895-b7e9-85d65491a907,Scorton Ledge,cape-cod-bay-scorton-ledge,,41.7575,-70.4188,Barnstable HW/LW (8447335),8447335,6.4,"Barnstable Harbor, Beach Point (8447335)",6.4,ACT1546,6.8,SERVABLE-EXPLICIT,
dd0b277a-5114-4395-ab32-1fbf878e0dff,The Hooter: Loop Trolling,nantucket-sound-the-hooter-loop-trolling,,41.262,-70.45,Boston HW/LW (8443970),8443970,70.8,PENIKESE ISLAND (8448248),24.1,ACT1706,5.4,SERVABLE-EXPLICIT,FAR+SUBOPTIMAL
de6e5769-24da-4e7e-b32e-c9ffb7b6354b,The Hooter,/hooter,Nantucket Sound,-70.4347,41.251,,,,,,,,UNSERVABLE-NO-STATION (coords only; Worker has no nearest lookup),
drafts.BB-WE-fs---West-End-of-the-Canal,,,,,,,,,,,,,UNSERVABLE-NO-DATA,
drafts.BB-WE-fx-B-C2---Mashnee-Point-Swing,,,,,,,,,,,,,UNSERVABLE-NO-DATA,
drafts.spot-west-end-of-the-canal,,,,,,,,,,,,,UNSERVABLE-NO-DATA,
e40c8b61-7786-42ec-a8db-8e76aae93dbd,Dry Ledge,buzzards-bay-dry-ledge,,41.7022,-70.692,Boston HW/LW (8443970),8443970,42.3,Buzzards Bay (8447270),4.1,COD0906,1.2,SERVABLE-EXPLICIT,FAR+SUBOPTIMAL
e7ae03e0-945d-4d83-b27b-e49123fb7f48,The Race / Race Point: Radar Casting Open Water,cape-cod-bay-the-race-race-point-radar-casting-open-water,,42.0513,-70.2382,Barnstable HW/LW (8447335),8447335,19.9,"Barnstable Harbor, Beach Point (8447335)",19.9,ACT1546,19.6,SERVABLE-EXPLICIT,FAR
e94ec079-cb0f-4cac-aed4-665d3cd1e482,Squibnocket: Southern Stones Trolling,vineyard-sound-squibnocket-southern-stones-trolling,,41.3045,-70.767,Boston HW/LW (8443970),8443970,64.3,PENIKESE ISLAND (8448248),11.2,ACT1836,10.9,SERVABLE-EXPLICIT,FAR+SUBOPTIMAL
e9899abf-49f0-4991-84d0-a0c3c8101103,Stage Harbor / Hardings: Hardings Drop Tubes,monomoy-shoals-stage-harbor-hardings-hardings-drop-tubes,Monomoy,41.6637,-69.9971,Boston HW/LW (8443970),8443970,62.6,"Barnstable Harbor, Beach Point (8447335)",13.4,ACT1626,6.9,SERVABLE-EXPLICIT,FAR+SUBOPTIMAL
e9c8f269-bc32-48c5-80e0-86e36f89b456,Falmouth Inner Harbor,falmouth-inner-harbor-boat-ramp,,,,,,,,,,,UNSERVABLE-NO-DATA,
eb6475cc-66e7-44d8-bd41-b3481e5fb6ba,The Race / Race Point: Casting the Rip Seam,cape-cod-bay-the-race-race-point-casting-the-rip-seam,,42.0627,-70.2499,Barnstable HW/LW (8447335),8447335,20.5,"Barnstable Harbor, Beach Point (8447335)",20.5,ACT1546,20.2,SERVABLE-EXPLICIT,FAR
ec04609a-7bac-4440-9914-058a0088d738,Bishop and Clerks,nantucket-sound-bishop-and-clerks,,41.575,-70.25,Boston HW/LW (8443970),8443970,58.9,"Barnstable Harbor, Beach Point (8447335)",8.9,BOS1111,55.6,SERVABLE-EXPLICIT,FAR+SUBOPTIMAL
edcf08ba-9ce7-403a-962d-21c547492253,Middle Ground: Crown Gully Casting,vineyard-sound-middle-ground-crown-gully-casting,,41.4845,-70.6153,Boston HW/LW (8443970),8443970,55.7,PENIKESE ISLAND (8448248),13.9,ACT1836,2.4,SERVABLE-EXPLICIT,FAR+SUBOPTIMAL
f03da5b8-2838-44c5-b889-519dd285f91f,Middle Ground,vineyard-sound-middle-ground,,41.4831,-70.627,Boston HW/LW (8443970),8443970,55.6,PENIKESE ISLAND (8448248),13.4,ACT1836,1.9,SERVABLE-EXPLICIT,FAR+SUBOPTIMAL
f08af273-ddb5-41da-8bff-982ba037d222,Stage Harbor / Hardings: Inshore Cast,monomoy-shoals-stage-harbor-hardings-inshore-cast,Monomoy,41.6637,-69.9971,Boston HW/LW (8443970),8443970,62.6,"Barnstable Harbor, Beach Point (8447335)",13.4,ACT1626,6.9,SERVABLE-EXPLICIT,FAR+SUBOPTIMAL
f3a26f66-7452-48e7-becb-96a146946084,Scorton Ledge: Night Jigging,cape-cod-bay-scorton-ledge-night-jigging,,41.7577,-70.4244,Barnstable HW/LW (8447335),8447335,6.6,"Barnstable Harbor, Beach Point (8447335)",6.6,ACT1546,7.0,SERVABLE-EXPLICIT,
f3c7da0b-b243-4646-b07a-676a6ab73f85,Scorton Ledge: Old Harbor Outflow,cape-cod-bay-scorton-ledge-old-harbor-outflow,,41.7655,-70.4735,Barnstable HW/LW (8447335),8447335,8.8,Buzzards Bay (8447270),6.6,ACT1546,9.3,SERVABLE-EXPLICIT,
f41791e2-e3a7-4964-a688-bfa17e871805,Horseshoe Shoal: Swing Casting The Crown,nantucket-sound-horseshoe-shoal-swing-casting-the-crown,,41.5086,-70.3932,Boston HW/LW (8443970),8443970,58.6,"Barnstable Harbor, Beach Point (8447335)",13.7,ACT1736,5.5,SERVABLE-EXPLICIT,FAR+SUBOPTIMAL
f47954bb-513d-430f-9dc9-d21dc11252f0,Billingsgate Shoal: Deep Swimmers,cape-cod-bay-billingsgate-shoal-deep-swimmers,,41.8396,-70.1541,Barnstable HW/LW (8447335),8447335,9.2,"Barnstable Harbor, Beach Point (8447335)",9.2,ACT1546,8.6,SERVABLE-EXPLICIT,
f62268b7-236b-466e-8b1d-b1d853f79009,Eldridge Shoal: Plugging The Seam,nantucket-sound-eldridge-shoal-plugging-the-seam,,41.5217,-70.4232,Boston HW/LW (8443970),8443970,57.3,"Barnstable Harbor, Beach Point (8447335)",13.5,ACT1761,0.7,SERVABLE-EXPLICIT,FAR+SUBOPTIMAL
f89ffa98-5da7-491d-bb27-592f77cab872,Noman's Land: Fluke Shoal Drifts,vineyard-sound-noman-s-land-fluke-shoal-drifts,,41.2586,-70.7895,Boston HW/LW (8443970),8443970,66.8,PENIKESE ISLAND (8448248),12.9,ACT1866,7.1,SERVABLE-EXPLICIT,FAR+SUBOPTIMAL
fb500867-5c1c-4dad-824e-fbfc9d639e5e,Elizabeth Islands: Drifting Edge Open Water Albies,elizabeth-islands-elizabeth-islands-drifting-edge-open-water-albies,Elizabeth Islands,41.4513,-70.7762,Boston HW/LW (8443970),8443970,55.6,PENIKESE ISLAND (8448248),6.5,ACT1841,2.6,SERVABLE-EXPLICIT,FAR+SUBOPTIMAL
spot-west-end-of-the-canal,Buzzards Bay: West End of the Canal,west-end-of-the-canal,,41.7285,-70.6369,8447270,8447270,1.2,Buzzards Bay (8447270),1.2,COD0905,0.3,SERVABLE-EXPLICIT,